{
	"Staggered": [
		{
			"Tenant": "MIDORI'S HAIR SALON",
			"Company": "ELLEZA DE MIDORI PTE. LTD.",
			"Photo": "/images/Laurent_Dubois.png",
			"Icon": "sap-icon://activity-individual",
			"Text": "Gross Rent: 4.00\nBase Rent: 3.00\nSvc. Charge: 1.00",
			"StartDate": "Date(2021-09-02)"
		},
		{
			"Tenant": "MIDORI'S HAIR SALON",
			"Company": "ELLEZA DE MIDORI PTE. LTD.",
			"Photo": "/images/Laurent_Dubois.png",
			"Icon": "sap-icon://activity-individual",
			"Text": "Gross Rent: 5.00\nBase Rent: 4.00\nSvc. Charge: 1.00",
			"StartDate": "Date(2023-09-02)"
		},
		{
			"Tenant": "MIDORI'S HAIR SALON",
			"Company": "ELLEZA DE MIDORI PTE. LTD.",
			"Photo": "/images/Laurent_Dubois.png",
			"Icon": "sap-icon://activity-individual",
			"Text": "Gross Rent: 6.00\nBase Rent: 5.00\nSvc. Charge: 1.00",
			"StartDate": "Date(2024-09-02)"
		}
	]
}
